{"cameraMode":{"drawMode":0,"name":"Shaded","section":"Shading Mode"},"sceneLighting":true,"audioPlay":false,"sceneViewState":{"m_AlwaysRefresh":false,"showFog":true,"showSkybox":true,"showFlares":true,"showImageEffects":true,"showParticleSystems":true,"showVisualEffectGraphs":true,"m_FxEnabled":true},"in2DMode":false,"pivot":{"x":2.803598403930664,"y":3.6204466819763185,"z":-2.2439136505126955},"rotation":{"x":-0.06513454765081406,"y":-0.9183361530303955,"z":0.17025059461593629,"w":-0.35133063793182375},"size":6.0073957443237309,"orthographic":false}