{"cameraMode":{"drawMode":0,"name":"Shaded","section":"Shading Mode"},"sceneLighting":false,"audioPlay":false,"sceneViewState":{"m_AlwaysRefresh":false,"showFog":true,"showSkybox":false,"showFlares":true,"showImageEffects":true,"showParticleSystems":true,"showVisualEffectGraphs":true,"m_FxEnabled":true},"in2DMode":false,"pivot":{"x":0.1767701506614685,"y":5.1648945808410648,"z":0.032872915267944339},"rotation":{"x":-0.04927671328186989,"y":0.9457703828811646,"z":-0.2712528705596924,"w":-0.1718074083328247},"size":1.2635002136230469,"orthographic":false}